<?xml version="1.0" encoding="UTF-8" standalone="no"?>
	<featureModel>
		<properties/>
		<struct>
			<and abstract="true" mandatory="true" name="GameOfLife">
				<or abstract="true" hidden="true" name="Composed">
					<feature name="UndoRedoGenerator"/>
					<feature name="UndoRedoTest"/>
					<feature name="UndoRedoGuiBase"/>
				</or>
				<and abstract="true" name="Options">
					<feature name="UndoRedo"/>
					<feature name="Test"/>
					<and abstract="true" mandatory="true" name="Generator">
						<feature name="GeneratorSelection"/>
						<alt abstract="true" mandatory="true" name="DefaultGenerator">
							<feature name="RandomDefaultGenerator"/>
							<feature name="FormDefaultGenerator"/>
						</alt>
						<or abstract="true" mandatory="true" name="ConcretGenerator">
							<feature name="RandomGenerator"/>
							<feature name="FormGenerator"/>
						</or>
						<feature mandatory="true" name="AbstractGenerator"/>
					</and>
					<feature name="IO"/>
					<feature name="PopUpMenu"/>
				</and>
				<or abstract="true" mandatory="true" name="View">
					<feature name="GuiBase"/>
				</or>
				<or abstract="true" hidden="true" mandatory="true" name="Model">
					<feature name="ModelBase"/>
				</or>
			</and>
		</struct>
		<constraints>
			<rule>
				<imp>
					<conj>
						<var>UndoRedo</var>
						<var>AbstractGenerator</var>
					</conj>
					<var>UndoRedoGenerator</var>
				</imp>
			</rule>
			<rule>
				<imp>
					<conj>
						<var>UndoRedo</var>
						<var>Test</var>
					</conj>
					<var>UndoRedoTest</var>
				</imp>
			</rule>
			<rule>
				<imp>
					<conj>
						<var>UndoRedo</var>
						<var>GuiBase</var>
					</conj>
					<var>UndoRedoGuiBase</var>
				</imp>
			</rule>
			<rule>
				<imp>
					<conj>
						<var>RandomGenerator</var>
						<var>FormGenerator</var>
					</conj>
					<var>GeneratorSelection</var>
				</imp>
			</rule>
			<rule>
				<imp>
					<conj>
						<var>RandomGenerator</var>
						<not>
							<var>FormGenerator</var>
						</not>
					</conj>
					<var>RandomDefaultGenerator</var>
				</imp>
			</rule>
			<rule>
				<imp>
					<conj>
						<var>FormGenerator</var>
						<not>
							<var>RandomGenerator</var>
						</not>
					</conj>
					<var>FormDefaultGenerator</var>
				</imp>
			</rule>
			<rule>
				<imp>
					<conj>
						<var>FormGenerator</var>
						<var>RandomGenerator</var>
					</conj>
					<disj>
						<var>FormDefaultGenerator</var>
						<var>RandomDefaultGenerator</var>
					</disj>
				</imp>
			</rule>
			<rule>
				<imp>
					<var>GeneratorSelection</var>
					<var>GuiBase</var>
				</imp>
			</rule>
		</constraints>
		<calculations Auto="true" Constraints="true" Features="true" Redundant="true" Tautology="true"/>
		<comments/>
		<featureOrder userDefined="true">
			<feature name="ModelBase"/>
			<feature name="GuiBase"/>
			<feature name="PopUpMenu"/>
			<feature name="IO"/>
			<feature name="AbstractGenerator"/>
			<feature name="FormGenerator"/>
			<feature name="RandomGenerator"/>
			<feature name="FormDefaultGenerator"/>
			<feature name="GeneratorSelection"/>
			<feature name="Test"/>
			<feature name="UndoRedo"/>
			<feature name="UndoRedoGuiBase"/>
			<feature name="UndoRedoTest"/>
			<feature name="UndoRedoGenerator"/>
			<feature name="RandomDefaultGenerator"/>
		</featureOrder>
	</featureModel>