<?xml version="1.0" encoding="UTF-8" standalone="no"?>
	<featureModel>
		<properties/>
		<struct>
			<alt abstract="true" mandatory="true" name="Gpl">
				<and abstract="true" name="MainGpl">
					<alt abstract="true" mandatory="true" name="Test">
						<and abstract="true" name="StartHere">
							<feature mandatory="true" name="Base"/>
							<feature hidden="true" name="Benchmark"/>
							<feature name="Prog"/>
						</and>
					</alt>
					<alt abstract="true" name="Implementation">
						<feature abstract="true" name="NoEdges"/>
						<feature abstract="true" name="OnlyNeighbors"/>
						<feature abstract="true" name="Edges"/>
					</alt>
					<alt abstract="true" name="GraphType">
						<feature abstract="true" name="Directed"/>
						<feature abstract="true" name="Undirected"/>
					</alt>
					<alt abstract="true" hidden="true" name="GraphTypeReal">
						<and abstract="true" name="DirType">
							<feature mandatory="true" name="DirectedCommon"/>
							<alt abstract="true" mandatory="true" name="Dir">
								<feature name="DirectedGR"/>
								<feature name="DirectedGnR"/>
								<feature name="DirectedGenR"/>
							</alt>
						</and>
						<and abstract="true" name="UndirType">
							<feature mandatory="true" name="UndirectedCommon"/>
							<alt abstract="true" mandatory="true" name="Undir">
								<feature name="UndirectedGR"/>
								<feature name="UndirectedGnR"/>
								<feature name="UndirectedGenR"/>
							</alt>
						</and>
					</alt>
					<alt abstract="true" name="Weight">
						<and abstract="true" name="Wgt">
							<feature abstract="true" mandatory="true" name="Weighted"/>
							<feature hidden="true" name="WeightedCommon"/>
							<feature hidden="true" name="dProgdWeightedCommon"/>
						</and>
						<feature abstract="true" name="UnWeighted"/>
					</alt>
					<alt abstract="true" hidden="true" name="WeightReal">
						<feature name="WeightedGR"/>
						<feature name="WeightedGnR"/>
						<feature name="WeightedGenR"/>
					</alt>
					<feature hidden="true" name="SearchCommon"/>
					<alt abstract="true" name="Search">
						<feature name="DFS"/>
						<feature name="BFS"/>
					</alt>
					<or abstract="true" mandatory="true" name="Alg">
						<and abstract="true" name="Num">
							<feature mandatory="true" name="Number"/>
							<feature hidden="true" name="dProgdNumber"/>
						</and>
						<and abstract="true" name="Conn">
							<feature mandatory="true" name="Connected"/>
							<feature hidden="true" name="dProgdConnected"/>
						</and>
						<and abstract="true" name="StrongC">
							<feature hidden="true" name="Transpose"/>
							<feature mandatory="true" name="StronglyConnected"/>
							<feature hidden="true" name="dProgdStronglyConnected"/>
						</and>
						<and abstract="true" name="Cyc">
							<feature mandatory="true" name="Cycle"/>
							<feature hidden="true" name="dProgdCycle"/>
						</and>
						<and abstract="true" name="MPrim">
							<feature hidden="true" name="MSTPrimPrepGnR"/>
							<feature hidden="true" name="MSTPrimPrepGR"/>
							<feature mandatory="true" name="MSTPrim"/>
							<feature hidden="true" name="dProgdMSTPrim"/>
						</and>
						<and abstract="true" name="MKrus">
							<feature hidden="true" name="MSTKruskalPrepGnR"/>
							<feature hidden="true" name="MSTKruskalPrepGR"/>
							<feature mandatory="true" name="MSTKruskal"/>
							<feature hidden="true" name="dProgdMSTKruskal"/>
						</and>
						<feature abstract="true" name="Shortest"/>
					</or>
				</and>
			</alt>
		</struct>
		<constraints>
			<rule>
				<imp>
					<var>Number</var>
					<conj>
						<var>GraphType</var>
						<var>Search</var>
					</conj>
				</imp>
			</rule>
			<rule>
				<imp>
					<var>Connected</var>
					<conj>
						<var>Undirected</var>
						<var>Search</var>
					</conj>
				</imp>
			</rule>
			<rule>
				<imp>
					<var>StronglyConnected</var>
					<conj>
						<var>Directed</var>
						<conj>
							<var>DFS</var>
							<var>Transpose</var>
						</conj>
					</conj>
				</imp>
			</rule>
			<rule>
				<imp>
					<var>Cycle</var>
					<conj>
						<var>GraphType</var>
						<var>DFS</var>
					</conj>
				</imp>
			</rule>
			<rule>
				<imp>
					<disj>
						<var>MSTKruskal</var>
						<var>MSTPrim</var>
					</disj>
					<conj>
						<var>Undirected</var>
						<var>Weighted</var>
					</conj>
				</imp>
			</rule>
			<rule>
				<imp>
					<var>Shortest</var>
					<conj>
						<var>Directed</var>
						<var>Weighted</var>
					</conj>
				</imp>
			</rule>
			<rule>
				<imp>
					<disj>
						<var>MSTKruskal</var>
						<var>MSTPrim</var>
					</disj>
					<not>
						<conj>
							<var>MSTKruskal</var>
							<var>MSTPrim</var>
						</conj>
					</not>
				</imp>
			</rule>
			<rule>
				<imp>
					<conj>
						<var>Directed</var>
						<var>NoEdges</var>
					</conj>
					<var>DirectedGR</var>
				</imp>
			</rule>
			<rule>
				<imp>
					<conj>
						<var>Directed</var>
						<var>OnlyNeighbors</var>
					</conj>
					<var>DirectedGnR</var>
				</imp>
			</rule>
			<rule>
				<imp>
					<conj>
						<var>Directed</var>
						<var>Edges</var>
					</conj>
					<var>DirectedGenR</var>
				</imp>
			</rule>
			<rule>
				<imp>
					<conj>
						<var>Undirected</var>
						<var>NoEdges</var>
					</conj>
					<var>UndirectedGR</var>
				</imp>
			</rule>
			<rule>
				<imp>
					<conj>
						<var>Undirected</var>
						<var>OnlyNeighbors</var>
					</conj>
					<var>UndirectedGnR</var>
				</imp>
			</rule>
			<rule>
				<imp>
					<conj>
						<var>Undirected</var>
						<var>Edges</var>
					</conj>
					<var>UndirectedGenR</var>
				</imp>
			</rule>
			<rule>
				<imp>
					<var>Weighted</var>
					<var>WeightedCommon</var>
				</imp>
			</rule>
			<rule>
				<imp>
					<conj>
						<var>Weighted</var>
						<var>NoEdges</var>
					</conj>
					<var>WeightedGR</var>
				</imp>
			</rule>
			<rule>
				<imp>
					<conj>
						<var>Weighted</var>
						<var>OnlyNeighbors</var>
					</conj>
					<var>WeightedGnR</var>
				</imp>
			</rule>
			<rule>
				<imp>
					<conj>
						<var>Weighted</var>
						<var>Edges</var>
					</conj>
					<var>WeightedGenR</var>
				</imp>
			</rule>
			<rule>
				<imp>
					<var>Prog</var>
					<var>Benchmark</var>
				</imp>
			</rule>
			<rule>
				<imp>
					<conj>
						<var>Prog</var>
						<var>Weighted</var>
					</conj>
					<var>dProgdWeightedCommon</var>
				</imp>
			</rule>
			<rule>
				<imp>
					<conj>
						<var>Prog</var>
						<var>Number</var>
					</conj>
					<var>dProgdNumber</var>
				</imp>
			</rule>
			<rule>
				<imp>
					<conj>
						<var>Prog</var>
						<var>Connected</var>
					</conj>
					<var>dProgdConnected</var>
				</imp>
			</rule>
			<rule>
				<imp>
					<conj>
						<var>Prog</var>
						<var>StronglyConnected</var>
					</conj>
					<var>dProgdStronglyConnected</var>
				</imp>
			</rule>
			<rule>
				<imp>
					<conj>
						<var>Prog</var>
						<var>Cycle</var>
					</conj>
					<var>dProgdCycle</var>
				</imp>
			</rule>
			<rule>
				<imp>
					<conj>
						<var>Prog</var>
						<var>MSTPrim</var>
					</conj>
					<var>dProgdMSTPrim</var>
				</imp>
			</rule>
			<rule>
				<imp>
					<conj>
						<var>MSTPrim</var>
						<var>NoEdges</var>
					</conj>
					<var>MSTPrimPrepGR</var>
				</imp>
			</rule>
			<rule>
				<imp>
					<conj>
						<var>MSTPrim</var>
						<var>OnlyNeighbors</var>
					</conj>
					<var>MSTPrimPrepGnR</var>
				</imp>
			</rule>
			<rule>
				<imp>
					<conj>
						<var>Prog</var>
						<var>MSTPrim</var>
					</conj>
					<var>dProgdMSTPrim</var>
				</imp>
			</rule>
			<rule>
				<imp>
					<conj>
						<var>Prog</var>
						<var>MSTKruskal</var>
					</conj>
					<var>dProgdMSTKruskal</var>
				</imp>
			</rule>
			<rule>
				<imp>
					<conj>
						<var>MSTKruskal</var>
						<var>NoEdges</var>
					</conj>
					<var>MSTKruskalPrepGR</var>
				</imp>
			</rule>
			<rule>
				<imp>
					<conj>
						<var>MSTKruskal</var>
						<var>OnlyNeighbors</var>
					</conj>
					<var>MSTKruskalPrepGnR</var>
				</imp>
			</rule>
			<rule>
				<imp>
					<var>Search</var>
					<var>SearchCommon</var>
				</imp>
			</rule>
			<rule>
				<imp>
					<var>Prog</var>
					<var>Benchmark</var>
				</imp>
			</rule>
		</constraints>
		<calculations Auto="true" Constraints="true" Features="true" Redundant="true" Tautology="true"/>
		<comments>
			<c>Directed { out="" }</c>
			<c>Weighted { out="" }</c>
			<c>UnWeighted { out="" }</c>
			<c>Undirected { out="" }</c>
			<c>NoEdges { out = "" }</c>
			<c>OnlyNeighbors { out = "" }</c>
			<c>Edges { out = "" }</c>
			<c>Num { disp="Number" }</c>
			<c>Conn { disp="Connected" }</c>
			<c>StrongC { disp="StronglyConnected" }</c>
			<c>Cyc { disp="Cycle" }</c>
			<c>MPrim { disp="MSTPrim" }</c>
			<c>MKrus { disp="MSTKruskal" }</c>
			<c>Wgt { disp="Weighted" }</c>
			<c>Prog { disp="Program" }</c>
		</comments>
		<featureOrder userDefined="false"/>
	</featureModel>
