<?xml version="1.0" encoding="UTF-8" standalone="no"?>
	<featureModel>
		<properties/>
		<struct>
			<alt abstract="true" mandatory="true" name="GPL">
				<and abstract="true" name="MainGpl">
					<alt abstract="true" hidden="true" mandatory="true" name="Driver">
						<and abstract="true" name="DriverProg">
							<feature mandatory="true" name="Prog"/>
							<feature mandatory="true" name="Benchmark"/>
							<feature mandatory="true" name="Benchmark2"/>
							<feature name="Connected3"/>
							<feature name="Connected4"/>	
						</and>
					</alt>
					<or abstract="true" mandatory="true" name="Alg">
						<feature name="Number"/>
						<feature name="Connected"/>
						<feature name="Connected2"/>
					</or>
					<alt abstract="true" mandatory="true" name="Wgt">
						<feature name="Weighted"/>
						<feature name="Unweighted"/>
					</alt>
					<alt abstract="true" mandatory="true" name="Gtp">
						<feature name="Directed"/>
						<feature name="Undirected"/>
						<feature name="Directed2"/>
					</alt>	
					<alt abstract="true" name="Src">
						<feature name="BFS"/>
						<feature name="DFS"/>
						<feature name="C1"/>
						<feature name="C2"/>
						<feature name="C3"/>
						<feature name="C4"/>
					</alt>
				</and>
			</alt>
		</struct>
		<constraints>
			<rule>
				<var>Number</var>
			</rule>
			<rule>
				<imp>
					<var>Connected4</var>
					<conj>
						<var>BFS</var>
						<var>Directed</var>
					</conj>
				</imp>
			</rule>
			<rule>
				<imp>
					<disj>
						<var>Number</var>
						<var>Undirected</var>
					</disj>
					<conj>
						<var>DFS</var>
						<var>Weighted</var>
					</conj>
				</imp>
			</rule>
		</constraints>
		<calculations Auto="true" Constraints="true" Features="true" Redundant="true" Tautology="true"/>
		<comments>
			<c>* GPL domain model February 2005 *</c>
			<c>grammar</c>
			<c>constraint</c>
			<c>formatting</c>
			<c>ShortestPath { out="Shortest" }</c>
			<c>Unweighted { out="" }</c>
		</comments>
		<featureOrder userDefined="false"/>
	</featureModel>
