<?xml version="1.0" encoding="UTF-8" standalone="no"?>
	<featureModel>
		<properties/>
		<struct>
			<and mandatory="true" name="GraphLibrary">
				<alt mandatory="true" name="Edges">
					<feature name="Directed"/>
					<feature name="Undirected"/>
				</alt>
				<or name="Algorithms">
					<feature name="Number"/>
					<feature name="Cycle"/>
				</or>
			</and>
		</struct>
		<constraints>
			<rule>
				<imp>
					<var>Cycle</var>
					<var>Directed</var>
				</imp>
			</rule>
		</constraints>
		<calculations Auto="true" Constraints="true" Features="true" Redundant="true" Tautology="true"/>
		<comments/>
		<featureOrder userDefined="false"/>
	</featureModel>